date,GPP_NT_VUT_REF,n_datapoints,n_measured,SW_IN_F,f_measured
2004-01-01,-0.01382437500000012,48,0,38.147666666666666,0
2004-01-02,0.7681020625000001,48,0,23.924708333333328,0
2004-01-03,0.6734708333333334,48,0,54.11618749999999,0
2004-01-04,-0.3218318124999999,48,0,41.66372916666667,0
2004-01-05,0.8407703333333331,48,0,17.442416666666666,0
2004-01-06,1.2180115624999999,48,0,40.5344375,0
2004-01-07,0.21477064583333327,48,0,31.58260416666667,0
2004-01-08,1.106925083333333,48,0,58.363958333333315,0
2004-01-09,1.4433716041666664,48,0,11.917583333333331,0
2004-01-10,0.3642918958333335,48,0,27.607979166666667,0
2004-01-11,1.3928114375000002,48,0,10.728875000000002,0
2004-01-12,1.6389533124999998,48,0,12.43522916666667,0
2004-01-13,0.7723818541666666,48,0,2.3048541666666673,0
2004-01-14,1.2692145625,48,0,49.08697916666668,0
2004-01-15,1.1185616875,48,0,25.587562500000004,0
2004-01-16,0.3277836249999999,48,0,23.155395833333333,0
2004-01-17,1.0895487291666668,48,0,37.944375,0
2004-01-18,1.0601994791666665,48,0,20.20675,0
2004-01-19,-0.003249208333333383,48,0,50.854312500000006,0
2004-01-20,1.029331125,48,0,10.43775,0
2004-01-21,0.927509375,48,0,50.55950000000001,0
2004-01-22,-0.2667405416666668,48,0,78.13739583333333,0
2004-01-23,0.6769087500000003,48,0,78.92433333333332,0
2004-01-24,0.9103547291666666,48,0,66.32035416666666,0
2004-01-25,0.09371681249999983,48,0,47.67470833333333,0
2004-01-26,0.7781762083333331,48,0,27.094687500000003,0
2004-01-27,1.0359522916666668,48,0,27.300062499999996,0
2004-01-28,-0.12860458333333344,48,0,50.252229166666666,0
2004-01-29,0.6505556041666668,48,0,37.47666666666667,0
2004-01-30,0.8890621666666668,48,0,92.73341666666666,0
2004-01-31,0.3665833750000001,48,0,87.38725000000001,0
2004-02-01,1.3982417291666662,48,0,87.25489583333332,0
2004-02-02,1.5828277291666666,48,0,81.51545833333334,0
2004-02-03,0.47611058333333345,48,0,97.69468749999999,0
2004-02-04,1.3007435416666666,48,0,100.0743125,0
2004-02-05,1.5545833333333332,48,0,102.75495833333332,0
2004-02-06,0.7411102499999997,48,0,96.40225,0
2004-02-07,1.4786560833333333,48,0,59.356875,0
2004-02-08,1.2436347916666664,48,0,28.886125000000007,0
2004-02-09,0.030488187499999923,48,0,81.22191666666667,0
2004-02-10,0.8633093750000002,48,0,108.39464583333334,0
2004-02-11,1.126792625,48,0,18.26110416666667,0
2004-02-12,0.14887360416666653,48,0,85.52077083333334,0
2004-02-13,0.9662872499999999,48,0,99.9541875,0
2004-02-14,1.2388103541666666,48,0,104.22329166666667,0
2004-02-15,0.20788281250000035,48,0,92.12685416666666,0
2004-02-16,1.0673636666666666,48,0,116.42693750000001,0
2004-02-17,1.2432436249999999,48,0,121.79683333333335,0
2004-02-18,0.16321947916666646,48,0,84.27916666666665,0
2004-02-19,0.9124204583333335,48,0,82.064125,0
2004-02-20,1.2339149791666668,48,0,124.6314375,0
2004-02-21,0.6203531458333335,48,0,72.32456250000001,0
2004-02-22,1.4633708333333337,48,0,47.76622916666666,0
2004-02-23,0.9557240208333332,48,0,38.27406249999999,0
2004-02-24,-0.23610483333333354,48,0,126.84427083333333,0
2004-02-25,0.7542967291666666,48,0,141.4776875,0
2004-02-26,0.8941438958333332,48,0,71.52464583333334,0
2004-02-27,-0.24538064583333347,48,0,115.59902083333336,0
2004-02-28,0.5479605208333329,48,0,148.84220833333333,0
2004-02-29,0.7335274791666665,48,0,148.84218750000002,0
2004-03-01,-0.2274786249999999,48,0,134.11025,0
2004-03-02,0.6471971875000003,48,0,76.15283333333335,0
2004-03-03,1.0774519791666668,48,0,156.1536041666667,0
2004-03-04,0.20401681249999987,48,0,140.04460416666666,0
2004-03-05,1.1406275208333334,48,0,118.4463125,0
2004-03-06,1.3555966249999998,48,0,42.18308333333333,0
2004-03-07,0.17225135416666673,48,0,133.4397708333333,0
2004-03-08,0.9063008124999998,48,0,98.29974999999999,0
2004-03-09,0.9834356249999998,48,0,143.81129166666668,0
2004-03-10,0.020156062499999957,48,0,135.32189583333334,0
2004-03-11,0.8418787083333334,48,0,112.44835416666669,0
2004-03-12,1.412438875,48,0,124.51393750000001,0
2004-03-13,0.5339455625000001,48,0,49.31727083333333,0
2004-03-14,1.4800496666666665,48,0,157.34031250000004,0
2004-03-15,1.6774927708333334,48,0,188.1571875,0
2004-03-16,0.8087871458333332,48,0,194.45543750000002,0
2004-03-17,1.743808895833333,48,0,199.300375,0
2004-03-18,1.9450387500000001,48,0,196.64604166666666,0
2004-03-19,0.8683616458333334,48,0,174.08993750000002,0
2004-03-20,1.7210578125000002,48,0,43.6554375,0
2004-03-21,1.7765398541666666,48,0,65.54883333333333,0
2004-03-22,0.43139695833333375,48,0,169.65464583333335,0
2004-03-23,1.0885474166666669,48,0,128.3854375,0
2004-03-24,1.175599,48,0,48.062104166666664,0
2004-03-25,0.16141750000000016,48,0,95.55410416666668,0
2004-03-26,0.9087790833333335,48,0,152.36206249999998,0
2004-03-27,1.0183406041666665,48,0,215.02210416666665,0
2004-03-28,0.17992902083333343,48,0,226.82252083333333,0
2004-03-29,0.34943268750000017,48,0,231.2460833333333,0
2004-03-30,0.8294081666666662,48,0,228.80325,0
2004-03-31,0.7913478958333334,48,16,220.12385416666666,0.3333333333333333
2004-04-01,2.6352746666666667,48,19,229.54497916666668,0.3958333333333333
2004-04-02,1.8577432291666667,48,15,221.04895833333336,0.3125
2004-04-03,2.4729923125,48,24,127.60629166666665,0.5
2004-04-04,3.2077457500000004,48,16,134.6785625,0.3333333333333333
2004-04-05,2.458574958333333,48,19,159.74264583333334,0.3958333333333333
2004-04-06,3.8757315625000004,48,2,53.846645833333334,0.041666666666666664
2004-04-07,4.495609708333333,48,15,170.56154166666664,0.3125
2004-04-08,5.022939895833333,48,10,193.7445416666667,0.20833333333333334
2004-04-09,3.983064666666666,48,32,171.1193125,0.6666666666666666
2004-04-10,4.73893375,48,5,118.03833333333333,0.10416666666666667
2004-04-11,4.878536125,48,10,147.99668749999998,0.20833333333333334
2004-04-12,5.077922895833333,48,35,236.91912500000004,0.7291666666666666
2004-04-13,4.637908729166667,48,26,177.71527083333336,0.5416666666666666
2004-04-14,6.232990708333333,48,40,241.3681666666667,0.8333333333333334
2004-04-15,3.3030791875,48,19,208.02029166666665,0.3958333333333333
2004-04-16,4.8212437291666665,48,21,253.60960416666666,0.4375
2004-04-17,4.584061041666667,48,23,215.99720833333333,0.4791666666666667
2004-04-18,5.678188208333333,48,21,174.04141666666666,0.4375
2004-04-19,5.619909020833333,48,10,123.98293750000002,0.20833333333333334
2004-04-20,3.6382036249999996,48,16,242.94449999999995,0.3333333333333333
2004-04-21,1.6087316875,48,11,267.4765625,0.22916666666666666
2004-04-22,2.5633924374999997,48,13,256.18149999999997,0.2708333333333333
2004-04-23,2.4687991874999997,48,27,172.10783333333336,0.5625
2004-04-24,3.947228104166667,48,31,239.79841666666667,0.6458333333333334
2004-04-25,4.247376958333334,48,44,242.05206250000003,0.9166666666666666
2004-04-26,4.924912333333333,48,42,285.025125,0.875
2004-04-27,3.6779844791666663,48,19,234.31229166666668,0.3958333333333333
2004-04-28,3.338621083333333,48,23,227.1205,0.4791666666666667
2004-04-29,4.991985208333333,48,35,239.57752083333332,0.7291666666666666
2004-04-30,6.130505375,48,27,162.09704166666666,0.5625
2004-05-01,4.5729741875,48,39,104.79047916666666,0.8125
2004-05-02,5.2759755625,48,14,138.99785416666666,0.2916666666666667
2004-05-03,4.2112341875,48,14,189.81829166666665,0.2916666666666667
2004-05-04,4.775138229166667,48,10,170.35493749999998,0.20833333333333334
2004-05-05,5.8206695,48,0,51.10916666666666,0
2004-05-06,6.696453104166667,48,2,93.50722916666666,0.041666666666666664
2004-05-07,5.3690391250000005,48,24,187.41960416666666,0.5
2004-05-08,3.9122692291666663,48,38,183.27545833333335,0.7916666666666666
2004-05-09,4.9273385,48,0,70.58208333333333,0
2004-05-10,7.173976875,48,17,209.61033333333333,0.3541666666666667
2004-05-11,5.8846885625,48,10,249.50016666666667,0.20833333333333334
2004-05-12,7.297471791666667,48,16,250.20672916666663,0.3333333333333333
2004-05-13,7.359470562499999,48,26,164.71758333333335,0.5416666666666666
2004-05-14,8.906115541666667,48,34,253.34758333333335,0.7083333333333334
2004-05-15,8.271996208333332,48,37,290.296625,0.7708333333333334
2004-05-16,7.3217281875,48,29,232.93345833333333,0.6041666666666666
2004-05-17,5.634811208333334,48,36,311.4412291666667,0.75
2004-05-18,3.617828979166667,48,24,314.11664583333334,0.5
2004-05-19,4.5100320625,48,23,306.4947291666667,0.4791666666666667
2004-05-20,6.2457374375,48,29,312.09141666666665,0.6041666666666666
2004-05-21,8.562257375,48,2,109.0915,0.041666666666666664
2004-05-22,10.741762979166667,48,12,137.66733333333332,0.25
2004-05-23,8.448210770833334,48,30,283.1698958333333,0.625
2004-05-24,8.342163208333334,48,37,323.5492291666667,0.7708333333333334
2004-05-25,5.039578645833333,48,27,327.47760416666665,0.5625
2004-05-26,5.000240729166666,48,25,273.0193125,0.5208333333333334
2004-05-27,6.819230375,48,13,149.344125,0.2708333333333333
2004-05-28,8.169558208333333,48,32,269.5365833333333,0.6666666666666666
2004-05-29,6.460898229166667,48,43,330.2555,0.8958333333333334
2004-05-30,4.831078729166667,48,29,323.0004583333333,0.6041666666666666
2004-05-31,4.403891229166668,48,9,164.82491666666664,0.1875
2004-06-01,6.904992062499999,48,1,77.858125,0.020833333333333332
2004-06-02,7.796909020833334,48,12,181.8243125,0.25
2004-06-03,8.213546666666666,48,0,86.01216666666666,0
2004-06-04,7.358969312500001,48,10,197.07033333333334,0.20833333333333334
2004-06-05,9.655163312500001,48,20,125.70520833333333,0.4166666666666667
2004-06-06,8.230801375,48,29,280.52337500000004,0.6041666666666666
2004-06-07,4.950907604166666,48,21,325.9371666666667,0.4375
2004-06-08,4.920155583333334,48,14,321.0709375,0.2916666666666667
2004-06-09,5.579473479166667,48,26,317.1341458333333,0.5416666666666666
2004-06-10,6.911534020833333,48,27,311.7210833333333,0.5625
2004-06-11,7.126806875,48,5,171.48864583333335,0.10416666666666667
2004-06-12,8.2403665,48,18,178.75095833333333,0.375
2004-06-13,6.877414125,48,10,203.51325,0.20833333333333334
2004-06-14,8.418866520833333,48,35,303.8657083333333,0.7291666666666666
2004-06-15,10.596715104166668,48,32,281.87025,0.6666666666666666
2004-06-16,8.609799645833334,48,9,190.19654166666666,0.1875
2004-06-17,7.239092187500001,48,24,330.2827291666667,0.5
2004-06-18,8.150308,48,41,231.5292708333333,0.8541666666666666
2004-06-19,6.4274346875,48,26,174.6816041666667,0.5416666666666666
2004-06-20,10.350465,48,19,197.6892916666667,0.3958333333333333
2004-06-21,9.383036312499998,48,25,255.20602083333338,0.5208333333333334
2004-06-22,10.789854395833332,48,4,224.36585416666668,0.08333333333333333
2004-06-23,10.020695395833332,48,20,131.12635416666666,0.4166666666666667
2004-06-24,6.9925629375,48,42,282.8444166666667,0.875
2004-06-25,7.9203456875,48,32,254.92852083333332,0.6666666666666666
2004-06-26,7.175314083333333,48,29,330.470875,0.6041666666666666
2004-06-27,7.074009083333333,48,27,274.8306666666667,0.5625
2004-06-28,6.0526175625,48,35,220.17185416666666,0.7291666666666666
2004-06-29,4.802637145833333,48,29,329.46587500000004,0.6041666666666666
2004-06-30,5.513799916666666,48,19,319.9155625,0.3958333333333333
2004-07-01,6.4804130625,48,31,202.05983333333336,0.6458333333333334
2004-07-02,10.4549388125,48,19,216.98958333333331,0.3958333333333333
2004-07-03,9.3772863125,48,27,272.3813125,0.5625
2004-07-04,7.8639491249999995,48,28,319.7370833333333,0.5833333333333334
2004-07-05,7.023957604166667,48,12,275.6284166666667,0.25
2004-07-06,8.5838904375,48,11,165.30622916666664,0.22916666666666666
2004-07-07,9.436077958333334,48,29,247.1860833333333,0.6041666666666666
2004-07-08,10.4939698125,48,10,149.83599999999998,0.20833333333333334
2004-07-09,10.158168770833331,48,26,251.78972916666666,0.5416666666666666
2004-07-10,9.170985604166669,48,13,197.2043125,0.2708333333333333
2004-07-11,8.878968583333334,48,27,238.21964583333335,0.5625
2004-07-12,9.229149729166668,48,1,188.63191666666665,0.020833333333333332
2004-07-13,10.079262958333334,48,18,138.54445833333332,0.375
2004-07-14,9.6809473125,48,29,264.9514583333333,0.6041666666666666
2004-07-15,8.1772053125,48,30,206.56897916666668,0.625
2004-07-16,7.963540916666667,48,15,304.72518749999995,0.3125
2004-07-17,6.1920479375,48,19,258.52060416666666,0.3958333333333333
2004-07-18,4.583847291666666,48,23,252.2487916666667,0.4791666666666667
2004-07-19,7.346018,48,17,237.73402083333332,0.3541666666666667
2004-07-20,7.839551458333333,48,20,206.7531875,0.4166666666666667
2004-07-21,6.3689441875,48,19,241.49379166666668,0.3958333333333333
2004-07-22,7.472835916666667,48,22,286.11941666666667,0.4583333333333333
2004-07-23,8.690494229166667,48,20,262.5895,0.4166666666666667
2004-07-24,8.552024083333334,48,2,88.06831249999999,0.041666666666666664
2004-07-25,9.092831791666667,48,23,279.71735416666667,0.4791666666666667
2004-07-26,6.3057605,48,26,163.17883333333333,0.5416666666666666
2004-07-27,9.266307229166667,48,25,220.1121666666667,0.5208333333333334
2004-07-28,7.002948833333334,48,32,307.6125416666667,0.6666666666666666
2004-07-29,5.505149854166666,48,33,307.5299583333333,0.6875
2004-07-30,4.625382875,48,21,300.78718749999996,0.4375
2004-07-31,6.682068124999999,48,24,275.122,0.5
2004-08-01,4.942065270833334,48,19,287.6934166666667,0.3958333333333333
2004-08-02,6.254889020833334,48,26,293.5351875,0.5416666666666666
2004-08-03,7.003278666666667,48,22,290.4082916666667,0.4583333333333333
2004-08-04,7.511896083333334,48,26,223.20908333333338,0.5416666666666666
2004-08-05,7.989543145833334,48,27,215.35681250000002,0.5625
2004-08-06,8.638496458333334,48,13,182.13616666666664,0.2708333333333333
2004-08-07,6.7802617083333345,48,17,217.14239583333332,0.3541666666666667
2004-08-08,5.458979083333333,48,21,251.2098333333333,0.4375
2004-08-09,5.718975500000001,48,16,250.97697916666667,0.3333333333333333
2004-08-10,5.191052708333333,48,24,208.94608333333338,0.5
2004-08-11,5.992270416666666,48,10,108.70589583333334,0.20833333333333334
2004-08-12,6.663924312500001,48,10,183.29347916666669,0.20833333333333334
2004-08-13,8.26030375,48,11,191.96983333333333,0.22916666666666666
2004-08-14,5.990975479166667,48,22,98.69072916666667,0.4583333333333333
2004-08-15,9.9188229375,48,20,232.9853958333333,0.4166666666666667
2004-08-16,9.107340333333333,48,11,222.9051875,0.22916666666666666
2004-08-17,9.798805833333333,48,7,190.4429583333333,0.14583333333333334
2004-08-18,8.058757041666667,48,23,237.16452083333334,0.4791666666666667
2004-08-19,6.512016833333333,48,7,185.17970833333334,0.14583333333333334
2004-08-20,8.294072854166666,48,4,190.42679166666667,0.08333333333333333
2004-08-21,9.304245041666666,48,28,162.31702083333332,0.5833333333333334
2004-08-22,12.669639895833333,48,29,222.1034583333333,0.6041666666666666
2004-08-23,6.920435708333333,48,18,254.46908333333334,0.375
2004-08-24,8.824530354166667,48,14,69.37127083333333,0.2916666666666667
2004-08-25,11.654768458333333,48,29,201.29008333333334,0.6041666666666666
2004-08-26,12.5331905,48,5,100.36152083333334,0.10416666666666667
2004-08-27,11.218162979166667,48,23,226.89237500000002,0.4791666666666667
2004-08-28,7.504416666666667,48,20,235.47475,0.4166666666666667
2004-08-29,7.514862895833334,48,19,173.41114583333334,0.3958333333333333
2004-08-30,7.8196825,48,13,147.479875,0.2708333333333333
2004-08-31,8.0804695,48,40,166.83297916666666,0.8333333333333334
2004-09-01,7.510127791666668,48,47,232.22789583333332,0.9791666666666666
2004-09-02,6.525591270833333,48,6,232.83489583333332,0.125
2004-09-03,4.6425327916666665,48,11,193.57458333333335,0.22916666666666666
2004-09-04,4.237442479166667,48,23,207.680875,0.4791666666666667
2004-09-05,4.302640124999999,48,40,222.2339166666667,0.8333333333333334
2004-09-06,5.210586166666667,48,30,213.9292291666667,0.625
2004-09-07,7.2103204375,48,26,223.031625,0.5416666666666666
2004-09-08,5.6993717083333335,48,36,224.011,0.75
2004-09-09,6.476036666666666,48,44,220.01060416666667,0.9166666666666666
2004-09-10,7.0009927083333325,48,12,213.22256249999995,0.25
2004-09-11,7.8396809166666666,48,21,175.16329166666665,0.4375
2004-09-12,6.488549229166667,48,13,82.95641666666667,0.2708333333333333
2004-09-13,6.014635729166667,48,27,176.8360625,0.5625
2004-09-14,6.264001791666667,48,5,106.60441666666667,0.10416666666666667
2004-09-15,7.693779458333334,48,2,98.96214583333332,0.041666666666666664
2004-09-16,7.8322263125,48,28,144.72089583333334,0.5833333333333334
2004-09-17,6.6653892500000005,48,27,202.50370833333335,0.5625
2004-09-18,5.430322125,48,19,199.47722916666666,0.3958333333333333
2004-09-19,6.264240229166667,48,8,130.75897916666668,0.16666666666666666
2004-09-20,7.072415875,48,33,163.16616666666667,0.6875
2004-09-21,4.4433185208333335,48,36,92.07610416666665,0.75
2004-09-22,5.6695840833333335,48,42,107.25164583333333,0.875
2004-09-23,2.7294451875,48,7,59.97483333333333,0.14583333333333334
2004-09-24,5.056140916666667,48,7,128.02002083333332,0.14583333333333334
2004-09-25,1.6759940416666668,48,5,28.267520833333332,0.10416666666666667
2004-09-26,1.0565613333333332,48,0,27.409666666666666,0
2004-09-27,4.246121125,48,7,76.82120833333333,0.14583333333333334
2004-09-28,2.499228,48,12,91.37758333333333,0.25
2004-09-29,2.411100541666667,48,19,70.49887500000001,0.3958333333333333
2004-09-30,4.6777343125,48,11,148.15031249999998,0.22916666666666666
2004-10-01,3.688685208333333,48,18,156.77025,0.375
2004-10-02,1.2440943333333336,48,31,76.08641666666666,0.6458333333333334
2004-10-03,4.476248770833334,48,12,204.1551875,0.25
2004-10-04,5.296494249999999,48,20,165.89197916666666,0.4166666666666667
2004-10-05,4.328945791666667,48,25,197.613375,0.5208333333333334
2004-10-06,3.4588887083333333,48,9,62.22777083333333,0.1875
2004-10-07,2.6322804375,48,4,82.66254166666668,0.08333333333333333
2004-10-08,5.315822541666667,48,12,117.51577083333332,0.25
2004-10-09,2.3836613333333334,48,6,68.23104166666667,0.125
2004-10-10,2.246852395833333,48,0,31.183229166666667,0
2004-10-11,4.1129695208333334,48,24,58.3929375,0.5
2004-10-12,3.502959291666667,48,7,65.91127083333333,0.14583333333333334
2004-10-13,2.6499742083333335,48,3,35.136833333333335,0.0625
2004-10-14,3.985781041666667,48,7,101.635125,0.14583333333333334
2004-10-15,2.833759354166667,48,8,60.80625,0.16666666666666666
2004-10-16,4.752192937499999,48,9,116.647,0.1875
2004-10-17,2.264000875,48,16,55.54777083333333,0.3333333333333333
2004-10-18,4.294530125,48,16,99.75962499999999,0.3333333333333333
2004-10-19,2.6393361666666664,48,0,29.485166666666665,0
2004-10-20,2.4468569166666665,48,2,47.5993125,0.041666666666666664
2004-10-21,2.3822140208333336,48,11,98.86516666666665,0.22916666666666666
2004-10-22,0.9265725208333334,48,6,147.32175,0.125
2004-10-23,0.9220384375000001,48,17,128.37016666666668,0.3541666666666667
2004-10-24,1.9565209375,48,21,154.94818750000002,0.4375
2004-10-25,0.23199147916666663,48,14,69.28883333333333,0.2916666666666667
2004-10-26,0.8674522916666666,48,0,12.124333333333333,0
2004-10-27,1.9360196041666666,48,12,25.578354166666664,0.25
2004-10-28,0.5423891249999999,48,10,49.01622916666666,0.20833333333333334
2004-10-29,-0.4348174583333334,48,11,83.89520833333333,0.22916666666666666
2004-10-30,2.015723583333333,48,17,114.61500000000001,0.3541666666666667
2004-10-31,2.2180666458333334,48,24,61.18547916666667,0.5
2004-11-01,1.2640568333333333,48,8,14.7726875,0.16666666666666666
2004-11-02,0.23659385416666667,48,16,46.5825,0.3333333333333333
2004-11-03,-0.5181737708333336,48,20,67.71579166666666,0.4166666666666667
2004-11-04,0.5753850833333337,48,8,55.20529166666667,0.16666666666666666
2004-11-05,-0.9035100208333335,48,3,16.654625000000003,0.0625
2004-11-06,2.272620354166667,48,21,42.0078125,0.4375
2004-11-07,2.9823874999999997,48,2,45.60887499999999,0.041666666666666664
2004-11-08,4.234233375,48,6,78.5270625,0.125
2004-11-09,1.7939964166666669,48,22,31.624687500000004,0.4583333333333333
2004-11-10,2.3276293958333336,48,16,76.06783333333334,0.3333333333333333
2004-11-11,2.5415506874999996,48,19,73.03589583333334,0.3958333333333333
2004-11-12,2.3578663750000004,48,26,20.319416666666665,0.5416666666666666
2004-11-13,1.8541038541666668,48,0,43.67864583333333,0
2004-11-14,2.8134554166666668,48,26,84.63447916666667,0.5416666666666666
2004-11-15,2.6116974583333334,48,22,100.55829166666668,0.4583333333333333
2004-11-16,2.2047693749999997,48,6,88.96252083333333,0.125
2004-11-17,0.4569237916666667,48,21,28.016041666666663,0.4375
2004-11-18,0.028667937499999945,48,23,22.38341666666667,0.4791666666666667
2004-11-19,2.8195028958333337,48,14,48.28027083333334,0.2916666666666667
2004-11-20,1.9003581875000002,48,25,21.906583333333337,0.5208333333333334
2004-11-21,2.4994579166666666,48,4,47.416,0.08333333333333333
2004-11-22,1.8755316041666665,48,21,46.620125,0.4375
2004-11-23,2.350478166666667,48,11,33.42035416666666,0.22916666666666666
2004-11-24,2.2813724791666665,48,28,95.70325,0.5833333333333334
2004-11-25,1.196281125,48,8,30.52022916666667,0.16666666666666666
2004-11-26,-0.017645020833333618,48,20,45.396458333333335,0.4166666666666667
2004-11-27,0.34022602083333325,48,9,38.5665625,0.1875
2004-11-28,1.6111952499999997,48,4,33.00277083333333,0.08333333333333333
2004-11-29,1.1986911875000001,48,19,20.793895833333334,0.3958333333333333
2004-11-30,2.656831875,48,20,12.988854166666666,0.4166666666666667
2004-12-01,1.703904375,48,3,15.905020833333333,0.0625
2004-12-02,4.658707083333334,48,6,37.94747916666667,0.125
2004-12-03,2.606108541666667,48,3,56.68120833333332,0.0625
2004-12-04,2.6782277083333335,48,6,21.00585416666667,0.125
2004-12-05,4.8545851041666666,48,19,7.434145833333334,0.3958333333333333
2004-12-06,3.0962623750000002,48,29,30.884145833333335,0.6041666666666666
2004-12-07,4.125377916666666,48,5,16.615395833333334,0.10416666666666667
2004-12-08,3.1012068333333334,48,0,15.1058125,0
2004-12-09,2.411013,48,0,14.550062500000001,0
2004-12-10,2.43313625,48,0,24.910541666666667,0
2004-12-11,-0.022597333333333358,48,0,23.5751875,0
2004-12-12,0.4732246041666667,48,0,37.26172916666667,0
2004-12-13,0.7883346041666667,48,3,65.78583333333333,0.0625
2004-12-14,0.12790585416666675,48,0,77.677875,0
2004-12-15,-0.12671754166666657,48,5,66.14333333333335,0.10416666666666667
2004-12-16,-0.8952892291666666,48,15,68.6549375,0.3125
2004-12-17,-1.0061528125,48,12,28.448187500000003,0.25
2004-12-18,-1.0083435416666666,48,25,25.151416666666666,0.5208333333333334
2004-12-19,-0.48988000000000004,48,5,7.0765208333333325,0.10416666666666667
2004-12-20,1.5370103125000003,48,8,24.91858333333333,0.16666666666666666
2004-12-21,1.477882229166667,48,20,15.092729166666667,0.4166666666666667
2004-12-22,1.2949547291666665,48,19,55.20764583333334,0.3958333333333333
2004-12-23,-1.3906741874999997,48,24,34.635708333333326,0.5
2004-12-24,-1.344363125,48,30,25.689229166666664,0.625
2004-12-25,-0.5650645833333333,48,9,60.22902083333334,0.1875
2004-12-26,-1.8918935416666667,48,0,2.9998541666666667,0
2004-12-27,-2.3857558333333335,48,0,3.1918541666666664,0
2004-12-28,-1.4242488541666667,48,3,17.4700625,0.0625
2004-12-29,-2.1146211458333335,48,8,45.208958333333335,0.16666666666666666
2004-12-30,-1.8259151875,48,0,66.269,0
2004-12-31,-1.0288486666666667,48,9,38.696645833333335,0.1875
2005-01-01,1.063195125,48,13,47.99016666666667,0.2708333333333333
2005-01-02,0.4342588750000001,48,11,11.062333333333333,0.22916666666666666
2005-01-03,-0.039305083333333345,48,15,40.578354166666664,0.3125
2005-01-04,0.8599895625,48,21,75.8424375,0.4375
2005-01-05,0.5014079375,48,25,67.31970833333335,0.5208333333333334
2005-01-06,0.5076461666666667,48,8,18.917604166666667,0.16666666666666666
2005-01-07,0.598902,48,13,50.870354166666665,0.2708333333333333
2005-01-08,-1.509706770833333,48,33,77.5578125,0.6875
2005-01-09,1.4982484999999999,48,10,33.66575,0.20833333333333334
2005-01-10,-0.6339177291666666,48,16,80.91191666666667,0.3333333333333333
2005-01-11,0.07830364583333338,48,21,77.87666666666667,0.4375
2005-01-12,0.719715,48,19,62.6043125,0.3958333333333333
2005-01-13,0.6209988541666668,48,7,72.36360416666666,0.14583333333333334
2005-01-14,-0.2121977083333334,48,18,83.70697916666666,0.375
2005-01-15,1.56147225,48,11,29.467499999999998,0.22916666666666666
2005-01-16,0.23401420833333397,48,1,49.854395833333335,0.020833333333333332
2005-01-17,0.2107967708333333,48,6,88.93610416666667,0.125
2005-01-18,-0.5142230625,48,12,8.555916666666667,0.25
2005-01-19,0.9980471458333334,48,16,16.659291666666665,0.3333333333333333
2005-01-20,-0.4816126041666667,48,14,7.955541666666666,0.2916666666666667
2005-01-21,0.4412851666666667,48,15,11.802583333333333,0.3125
2005-01-22,1.4301108541666665,48,18,60.217083333333335,0.375
2005-01-23,1.8447954791666665,48,8,46.436749999999996,0.16666666666666666
2005-01-24,2.1576040833333336,48,1,32.44085416666667,0.020833333333333332
2005-01-25,4.847171666666667,48,0,20.701395833333336,0
2005-01-26,5.294273125,48,17,31.671020833333337,0.3541666666666667
2005-01-27,4.0329033333333335,48,8,21.62395833333333,0.16666666666666666
2005-01-28,4.570939166666666,48,5,82.41106250000001,0.10416666666666667
2005-01-29,3.6175031250000003,48,18,70.281125,0.375
2005-01-30,4.616484666666667,48,0,97.86366666666667,0
2005-01-31,3.112126729166666,48,7,50.61527083333334,0.14583333333333334
2005-02-01,2.7857881875,48,5,61.499291666666664,0.10416666666666667
2005-02-02,0.5243011250000001,48,10,25.009041666666665,0.20833333333333334
2005-02-03,2.4982875208333333,48,10,49.26064583333333,0.20833333333333334
2005-02-04,2.7675459166666667,48,22,99.23158333333333,0.4583333333333333
2005-02-05,0.45088468750000016,48,6,32.75210416666666,0.125
2005-02-06,0.4750519375000001,48,5,94.33564583333334,0.10416666666666667
2005-02-07,0.5982443333333334,48,1,106.30047916666666,0.020833333333333332
2005-02-08,0.13177275000000002,48,4,116.04229166666666,0.08333333333333333
2005-02-09,0.33574177083333334,48,1,121.64191666666667,0.020833333333333332
2005-02-10,-0.40398727083333336,48,20,69.07629166666666,0.4166666666666667
2005-02-11,0.2592329375000001,48,10,18.752354166666667,0.20833333333333334
2005-02-12,0.5535461041666666,48,2,14.857583333333332,0.041666666666666664
2005-02-13,-1.3190566041666665,48,13,28.058729166666666,0.2708333333333333
2005-02-14,0.9070486875,48,3,43.60908333333333,0.0625
2005-02-15,2.0999092708333333,48,0,75.92666666666666,0
2005-02-16,0.48536585416666667,48,0,23.805645833333333,0
2005-02-17,2.0412174583333336,48,13,109.76150000000001,0.2708333333333333
2005-02-18,-0.13705308333333333,48,5,31.65902083333333,0.10416666666666667
2005-02-19,0.16466450000000005,48,14,29.32647916666667,0.2916666666666667
2005-02-20,1.649653,48,8,76.56275,0.16666666666666666
2005-02-21,1.0397445208333334,48,1,38.913020833333334,0.020833333333333332
2005-02-22,0.36512289583333335,48,1,17.277583333333332,0.020833333333333332
2005-02-23,-0.035093895833333395,48,8,23.114812499999996,0.16666666666666666
2005-02-24,0.6546930416666666,48,7,93.84358333333334,0.14583333333333334
2005-02-25,1.5709741666666666,48,16,69.0726875,0.3333333333333333
2005-02-26,1.4349631458333334,48,13,67.21664583333332,0.2708333333333333
2005-02-27,1.1786785833333333,48,0,37.5718125,0
2005-02-28,3.1773231458333333,48,23,142.28233333333333,0.4791666666666667
2005-03-01,2.014832666666667,48,16,173.75889583333333,0.3333333333333333
2005-03-02,1.526572208333333,48,10,175.21229166666666,0.20833333333333334
2005-03-03,1.4543915625000001,48,11,144.61827083333333,0.22916666666666666
2005-03-04,2.5114301875,48,15,151.28439583333332,0.3125
2005-03-05,2.4586132916666665,48,5,50.32360416666667,0.10416666666666667
2005-03-06,2.2313187291666665,48,1,21.048270833333333,0.020833333333333332
2005-03-07,0.9917630000000001,48,14,102.118,0.2916666666666667
2005-03-08,0.6986602291666667,48,8,34.11772916666666,0.16666666666666666
2005-03-09,0.9029505,48,9,55.665625,0.1875
2005-03-10,4.3645864375,48,30,177.94754166666667,0.625
2005-03-11,0.8220418958333338,48,26,177.9632083333333,0.5416666666666666
2005-03-12,-3.669578270833333,48,24,23.967958333333332,0.5
2005-03-13,2.9868086249999997,48,8,158.7542916666667,0.16666666666666666
2005-03-14,0.8089895208333335,48,14,183.622375,0.2916666666666667
2005-03-15,1.2411755,48,16,204.95470833333331,0.3333333333333333
2005-03-16,1.5794256875,48,19,217.952125,0.3958333333333333
2005-03-17,1.6407002499999999,48,36,178.26908333333333,0.75
2005-03-18,1.6570714166666667,48,15,219.96474999999998,0.3125
2005-03-19,2.0386579375,48,4,217.51620833333334,0.08333333333333333
2005-03-20,3.0593869375,48,31,175.47229166666665,0.6458333333333334
2005-03-21,3.751172229166667,48,25,183.8682083333333,0.5208333333333334
2005-03-22,1.434191375,48,6,106.30708333333332,0.125
2005-03-23,2.8043206874999997,48,17,169.35702083333334,0.3541666666666667
2005-03-24,2.841455479166667,48,8,159.80291666666668,0.16666666666666666
2005-03-25,2.4723116666666667,48,10,173.04341666666667,0.20833333333333334
2005-03-26,2.643520166666667,48,7,137.15264583333334,0.14583333333333334
2005-03-27,1.9909208333333335,48,1,46.197541666666666,0.020833333333333332
2005-03-28,3.0645755,48,13,183.03104166666665,0.2708333333333333
2005-03-29,3.7077998750000005,48,9,152.224375,0.1875
2005-03-30,2.2346146666666664,48,10,98.18689583333334,0.20833333333333334
2005-03-31,2.3900428333333337,48,6,78.542125,0.125
2005-04-01,4.01067425,48,38,250.9448125,0.7916666666666666
2005-04-02,3.587274,48,22,245.16966666666667,0.4583333333333333
2005-04-03,2.594839729166667,48,13,245.38162499999999,0.2708333333333333
2005-04-04,3.528184104166667,48,19,251.98164583333335,0.3958333333333333
2005-04-05,3.078705854166667,48,18,135.41352083333334,0.375
2005-04-06,2.2990180000000002,48,23,224.56691666666666,0.4791666666666667
2005-04-07,1.2119802291666666,48,12,40.65004166666667,0.25
2005-04-08,2.5318929999999997,48,0,43.318020833333335,0
2005-04-09,2.61087125,48,0,23.260041666666666,0
2005-04-10,5.821977041666666,48,23,193.49325000000002,0.4791666666666667
2005-04-11,3.9116663541666665,48,31,188.73283333333333,0.6458333333333334
2005-04-12,2.0853973541666666,48,26,75.53645833333333,0.5416666666666666
2005-04-13,1.6995352291666666,48,6,101.23764583333333,0.125
2005-04-14,2.4176866458333333,48,16,246.42472916666662,0.3333333333333333
2005-04-15,1.8618535,48,15,256.2611041666667,0.3125
2005-04-16,2.3727470833333335,48,24,108.161125,0.5
2005-04-17,1.9401684583333334,48,0,70.59254166666666,0
2005-04-18,1.8906621041666667,48,0,76.59958333333333,0
2005-04-19,1.5198497291666666,48,7,84.92060416666666,0.14583333333333334
2005-04-20,0.23559552083333338,48,0,44.16458333333333,0
2005-04-21,3.3478030625,48,18,172.57477083333333,0.375
2005-04-22,3.0836586875,48,22,305.74035416666663,0.4583333333333333
2005-04-23,1.524055958333333,48,4,150.2025,0.08333333333333333
2005-04-24,2.2402665833333333,48,0,88.96929166666668,0
2005-04-25,1.6366439583333332,48,0,69.34666666666666,0
2005-04-26,1.3366319375000002,48,24,180.55758333333333,0.5
2005-04-27,0.5023410416666667,48,0,30.88029166666667,0
2005-04-28,3.2926112916666668,48,6,219.96981250000002,0.125
2005-04-29,0.23473658333333336,48,13,250.24047916666666,0.2708333333333333
2005-04-30,1.580533875,48,11,300.83643750000005,0.22916666666666666
2005-05-01,3.043978083333333,48,16,298.5659791666667,0.3333333333333333
2005-05-02,3.422077291666667,48,17,259.16245833333335,0.3541666666666667
2005-05-03,3.5892073541666667,48,0,118.06631249999998,0
2005-05-04,5.4424729166666665,48,14,131.599625,0.2916666666666667
2005-05-05,6.102948291666666,48,7,109.06266666666666,0.14583333333333334
2005-05-06,2.7137641875,48,14,58.245979166666665,0.2916666666666667
2005-05-07,1.841963625,48,3,72.07245833333334,0.0625
2005-05-08,4.115370458333333,48,32,262.3899791666667,0.6666666666666666
2005-05-09,3.0571736666666665,48,19,218.27254166666665,0.3958333333333333
2005-05-10,5.5149480833333335,48,26,157.10445833333333,0.5416666666666666
2005-05-11,7.100452625,48,35,334.5984375,0.7291666666666666
2005-05-12,6.210082020833334,48,44,297.87183333333337,0.9166666666666666
2005-05-13,6.800236104166667,48,21,209.7043958333333,0.4375
2005-05-14,4.1334445,48,12,70.12837499999999,0.25
2005-05-15,7.528911291666667,48,16,226.35604166666664,0.3333333333333333
2005-05-16,3.3270195625000003,48,12,84.38079166666668,0.25
2005-05-17,7.716333,48,15,275.21960416666667,0.3125
2005-05-18,2.9451383958333333,48,14,72.10822916666667,0.2916666666666667
2005-05-19,8.671673395833334,48,18,278.4126875,0.375
2005-05-20,7.115545083333334,48,15,325.91447916666664,0.3125
2005-05-21,4.512419166666667,48,6,125.01052083333333,0.125
2005-05-22,6.4547298333333325,48,3,188.49085416666668,0.0625
2005-05-23,4.421607770833333,48,0,50.14208333333334,0
2005-05-24,9.727779791666668,48,11,265.72929166666665,0.22916666666666666
2005-05-25,8.586652083333332,48,25,350.96720833333336,0.5208333333333334
2005-05-26,7.867164083333333,48,12,346.9764583333333,0.25
2005-05-27,8.742249291666667,48,17,344.03358333333335,0.3541666666666667
2005-05-28,7.12913075,48,20,334.8885625,0.4166666666666667
2005-05-29,7.9384363958333335,48,9,332.18204166666663,0.1875
2005-05-30,5.9917643541666665,48,18,85.69372916666666,0.375
2005-05-31,12.845416625,48,16,239.19366666666664,0.3333333333333333
2005-06-01,11.600994020833333,48,30,316.9023125,0.625
2005-06-02,10.698291583333335,48,17,345.6923541666667,0.3541666666666667
2005-06-03,8.603460416666667,48,21,335.5358333333333,0.4375
2005-06-04,8.655176354166667,48,19,140.70175,0.3958333333333333
2005-06-05,12.11459275,48,45,203.68652083333333,0.9375
2005-06-06,9.758548125,48,18,137.40864583333334,0.375
2005-06-07,10.043509125,48,11,190.95583333333335,0.22916666666666666
2005-06-08,12.658695645833335,48,41,288.8726041666667,0.8541666666666666
2005-06-09,11.3338639375,48,37,254.23047916666667,0.7708333333333334
2005-06-10,10.718426333333333,48,27,343.0193125,0.5625
2005-06-11,9.498745083333333,48,20,348.38279166666666,0.4166666666666667
2005-06-12,9.394408604166667,48,23,291.37839583333334,0.4791666666666667
2005-06-13,6.663942083333333,48,7,222.15425,0.14583333333333334
2005-06-14,3.1208051250000004,48,2,94.92904166666666,0.041666666666666664
2005-06-15,9.894067979166666,48,17,272.98727083333335,0.3541666666666667
2005-06-16,9.032267791666667,48,26,311.6532291666667,0.5416666666666666
2005-06-17,9.504026541666667,48,8,281.2580208333333,0.16666666666666666
2005-06-18,9.686833208333333,48,35,345.83575,0.7291666666666666
2005-06-19,7.162894145833333,48,38,368.41560416666664,0.7916666666666666
2005-06-20,8.650301416666666,48,37,367.1234583333333,0.7708333333333334
2005-06-21,9.379566479166668,48,9,323.09954166666665,0.1875
2005-06-22,9.559672083333334,48,12,274.9146666666667,0.25
2005-06-23,8.643624416666666,48,15,304.22229166666665,0.3125
2005-06-24,7.728439979166667,48,15,314.71483333333333,0.3125
2005-06-25,7.568739312500001,48,10,195.5978125,0.20833333333333334
2005-06-26,8.543282166666666,48,12,345.437125,0.25
2005-06-27,9.596030625000001,48,9,326.0253125,0.1875
2005-06-28,8.917111458333334,48,4,295.8947083333333,0.08333333333333333
2005-06-29,8.974743687499998,48,16,235.4550625,0.3333333333333333
2005-06-30,7.8883923750000005,48,32,203.013375,0.6666666666666666
2005-07-01,10.391973416666668,48,15,143.74379166666668,0.3125
2005-07-02,8.949406645833333,48,18,172.6374166666667,0.375
2005-07-03,10.172193541666667,48,22,313.67229166666664,0.4583333333333333
2005-07-04,5.39412075,48,5,176.69360416666666,0.10416666666666667
2005-07-05,6.6708384375,48,24,312.7095,0.5
2005-07-06,4.232725020833334,48,2,115.70385416666667,0.041666666666666664
2005-07-07,4.30910125,48,8,117.21414583333333,0.16666666666666666
2005-07-08,4.207370041666666,48,7,145.78564583333335,0.14583333333333334
2005-07-09,8.652096875,48,20,316.3173125,0.4166666666666667
2005-07-10,5.261832104166666,48,19,133.40229166666666,0.3958333333333333
2005-07-11,6.993679229166666,48,7,158.63083333333333,0.14583333333333334
2005-07-12,9.828069895833334,48,27,317.797125,0.5625
2005-07-13,9.342882541666667,48,40,334.54922916666663,0.8333333333333334
2005-07-14,7.6101026875,48,24,352.47125,0.5
2005-07-15,6.510405083333334,48,21,317.2666458333333,0.4375
2005-07-16,8.580705604166667,48,10,184.42366666666666,0.20833333333333334
2005-07-17,6.278475479166667,48,18,319.93308333333334,0.375
2005-07-18,6.3463743125,48,8,172.05058333333332,0.16666666666666666
2005-07-19,7.1785235,48,6,204.95995833333333,0.125
2005-07-20,8.8060505,48,31,266.6694166666666,0.6458333333333334
2005-07-21,5.9576912916666664,48,24,255.1189375,0.5
2005-07-22,8.4827609375,48,30,258.5200625,0.625
2005-07-23,9.746103354166667,48,24,248.61072916666666,0.5
2005-07-24,4.311610020833333,48,7,145.5376875,0.14583333333333334
2005-07-25,4.7660368958333335,48,3,131.62454166666666,0.0625
2005-07-26,8.415994687499998,48,3,216.08925,0.0625
2005-07-27,7.376473875,48,4,316.14402083333334,0.08333333333333333
2005-07-28,10.598082729166666,48,5,307.00416666666666,0.10416666666666667
2005-07-29,9.001528375000001,48,12,184.8373958333333,0.25
2005-07-30,6.243994104166667,48,0,126.33260416666667,0
2005-07-31,9.414287604166667,48,14,203.7748125,0.2916666666666667
2005-08-01,9.9776625625,48,24,286.059125,0.5
2005-08-02,0.026633791666666573,48,0,25.185479166666667,0
2005-08-03,3.1891443333333336,48,6,73.56304166666666,0.125
2005-08-04,7.4777632291666665,48,3,205.979,0.0625
2005-08-05,8.212840958333333,48,24,306.4040625,0.5
2005-08-06,7.024564708333333,48,18,182.90260416666666,0.375
2005-08-07,7.017734562500001,48,28,208.51639583333335,0.5833333333333334
2005-08-08,7.032873145833333,48,26,303.9551041666667,0.5416666666666666
2005-08-09,8.173278104166666,48,19,330.73179166666665,0.3958333333333333
2005-08-10,7.421025374999999,48,23,322.4666041666666,0.4791666666666667
2005-08-11,10.096791541666667,48,26,280.39785416666666,0.5416666666666666
2005-08-12,8.008325333333334,48,22,301.52310416666666,0.4583333333333333
2005-08-13,10.1613875,48,20,227.07845833333334,0.4166666666666667
2005-08-14,5.884966749999999,48,7,92.13547916666667,0.14583333333333334
2005-08-15,4.223141458333333,48,5,49.49008333333333,0.10416666666666667
2005-08-16,8.699360958333333,48,22,157.66466666666665,0.4583333333333333
2005-08-17,11.135931125,48,35,292.3894375,0.7291666666666666
2005-08-18,7.7905179375,48,9,218.87416666666667,0.1875
2005-08-19,9.320035708333334,48,16,222.555375,0.3333333333333333
2005-08-20,4.764263229166667,48,4,49.52704166666666,0.08333333333333333
2005-08-21,0.9583771041666667,48,2,14.283458333333334,0.041666666666666664
2005-08-22,0.6945577291666667,48,0,13.834520833333334,0
2005-08-23,7.173085895833333,48,29,191.32977083333333,0.6041666666666666
2005-08-24,5.702054208333333,48,1,163.271625,0.020833333333333332
2005-08-25,6.104520708333333,48,3,111.96204166666668,0.0625
2005-08-26,9.9585041875,48,23,205.97870833333332,0.4791666666666667
2005-08-27,8.2754858125,48,12,210.10520833333334,0.25
2005-08-28,8.542427916666666,48,22,240.650125,0.4583333333333333
2005-08-29,9.52659225,48,18,282.36114583333335,0.375
2005-08-30,8.608814375,48,25,273.3436875,0.5208333333333334
2005-08-31,7.396668875,48,12,265.00666666666666,0.25
2005-09-01,9.37398575,48,22,242.45006250000003,0.4583333333333333
2005-09-02,8.813624833333334,48,20,210.6798125,0.4166666666666667
2005-09-03,10.496137104166667,48,40,245.19333333333336,0.8333333333333334
2005-09-04,5.0873397916666665,48,30,137.20306250000002,0.625
2005-09-05,5.93991525,48,7,191.5952708333333,0.14583333333333334
2005-09-06,7.539476479166666,48,30,249.86216666666667,0.625
2005-09-07,6.4148349375,48,17,250.4918125,0.3541666666666667
2005-09-08,7.815878687500001,48,10,244.69041666666664,0.20833333333333334
2005-09-09,7.251341833333333,48,24,184.76002083333333,0.5
2005-09-10,6.591987708333334,48,29,133.97504166666667,0.6041666666666666
2005-09-11,5.4626534583333335,48,21,109.67989583333333,0.4375
2005-09-12,5.138636020833333,48,8,100.74597916666667,0.16666666666666666
2005-09-13,6.854384645833335,48,12,140.5820625,0.25
2005-09-14,3.1871641458333335,48,16,91.44729166666667,0.3333333333333333
2005-09-15,5.702897354166667,48,14,164.95456249999998,0.2916666666666667
2005-09-16,5.365739020833333,48,17,169.70612500000001,0.3541666666666667
2005-09-17,3.6801014375,48,1,47.26422916666667,0.020833333333333332
2005-09-18,3.1706870208333333,48,36,32.16725,0.75
2005-09-19,3.6556843541666666,48,30,59.408791666666666,0.625
2005-09-20,8.3091128125,48,17,160.95464583333333,0.3541666666666667
2005-09-21,6.57097825,48,33,217.96850000000003,0.6875
2005-09-22,7.0806835,48,6,211.24745833333336,0.125
2005-09-23,5.326241270833334,48,15,205.12260416666666,0.3125
2005-09-24,4.757325104166666,48,10,196.365,0.20833333333333334
2005-09-25,5.3552543125000005,48,12,175.7867916666667,0.25
2005-09-26,6.471918583333333,48,18,126.49591666666666,0.375
2005-09-27,4.556130854166667,48,4,70.61431250000001,0.08333333333333333
2005-09-28,5.257910708333333,48,21,121.10454166666668,0.4375
2005-09-29,2.3124165208333336,48,11,60.29314583333333,0.22916666666666666
2005-09-30,3.4104859166666666,48,0,97.45193750000001,0
2005-10-01,0.9244635208333334,48,9,36.36145833333333,0.1875
2005-10-02,0.09140991666666681,48,0,23.617458333333335,0
2005-10-03,0.7721045833333332,48,0,11.7463125,0
2005-10-04,1.1399804791666668,48,1,71.71135416666668,0.020833333333333332
2005-10-05,0.2118446250000001,48,3,63.67447916666667,0.0625
2005-10-06,1.0416440833333331,48,0,58.93937500000001,0
2005-10-07,3.2877988541666667,48,7,104.03831249999998,0.14583333333333334
2005-10-08,3.3950533541666665,48,11,156.909375,0.22916666666666666
2005-10-09,3.8544458125000003,48,7,172.28629166666664,0.14583333333333334
2005-10-10,5.127770750000001,48,4,91.82370833333334,0.08333333333333333
2005-10-11,5.567912604166667,48,12,133.75589583333328,0.25
2005-10-12,4.299283020833333,48,4,156.75175000000002,0.08333333333333333
2005-10-13,3.999893583333333,48,5,157.7465625,0.10416666666666667
2005-10-14,3.013041041666667,48,19,159.20460416666666,0.3958333333333333
2005-10-15,5.340385958333334,48,12,77.47027083333333,0.25
2005-10-16,8.813257479166667,48,7,34.42962500000001,0.14583333333333334
2005-10-17,9.1923593125,48,15,60.478916666666656,0.3125
2005-10-18,10.980277895833332,48,13,39.880333333333326,0.2708333333333333
2005-10-19,7.6748689375,48,1,63.83133333333334,0.020833333333333332
2005-10-20,2.809557541666667,48,0,95.841375,0
2005-10-21,2.0667640416666666,48,8,90.45731250000001,0.16666666666666666
2005-10-22,1.9947910625,48,29,92.11664583333334,0.6041666666666666
2005-10-23,-0.71432525,48,0,10.010187499999999,0
2005-10-24,1.6034498749999997,48,4,72.22293749999999,0.08333333333333333
2005-10-25,1.8809321041666667,48,30,84.61277083333334,0.625
2005-10-26,2.1560994583333333,48,18,106.74139583333334,0.375
2005-10-27,-0.06120781249999998,48,5,130.26543750000002,0.10416666666666667
2005-10-28,1.560971625,48,1,131.05166666666665,0.020833333333333332
2005-10-29,1.9119176041666666,48,4,123.78858333333335,0.08333333333333333
2005-10-30,2.3848302083333333,48,0,123.69922916666668,0
2005-10-31,2.03958125,48,3,92.29752083333334,0.0625
2005-11-01,1.3445290833333332,48,2,50.903375000000004,0.041666666666666664
2005-11-02,-0.07308085416666676,48,7,68.56281250000002,0.14583333333333334
2005-11-03,-0.7450647083333335,48,6,108.53552083333332,0.125
2005-11-04,-1.0388359791666668,48,10,45.28710416666666,0.20833333333333334
2005-11-05,1.5866101875,48,4,32.55464583333333,0.08333333333333333
2005-11-06,3.593344666666667,48,6,57.06506250000001,0.125
2005-11-07,1.2478323541666672,48,10,60.46320833333333,0.20833333333333334
2005-11-08,-0.3586928125000001,48,0,88.883625,0
2005-11-09,-2.4011222083333332,48,4,93.14093749999998,0.08333333333333333
2005-11-10,-2.1078577708333333,48,0,47.95774999999999,0
2005-11-11,-2.464832125,48,0,23.94145833333333,0
2005-11-12,-2.7326360000000003,48,9,90.38333333333333,0.1875
2005-11-13,3.2781275000000005,48,7,61.80722916666667,0.14583333333333334
2005-11-14,8.250982916666667,48,12,11.812270833333333,0.25
2005-11-15,2.53939775,48,19,71.10425000000002,0.3958333333333333
2005-11-16,1.2301016666666669,48,14,35.35225,0.2916666666666667
2005-11-17,3.7142722083333335,48,15,95.90099999999998,0.3125
2005-11-18,2.677996083333333,48,13,81.62585416666667,0.2708333333333333
2005-11-19,1.76998775,48,33,92.10733333333333,0.6875
2005-11-20,2.1801785625,48,9,79.17475,0.1875
2005-11-21,1.3008078749999998,48,0,24.61702083333333,0
2005-11-22,1.8143063750000001,48,34,50.18104166666666,0.7083333333333334
2005-11-23,3.0480252083333332,48,27,49.65377083333333,0.5625
2005-11-24,2.1541175833333335,48,30,81.27460416666666,0.625
2005-11-25,2.2034828541666664,48,13,55.80872916666666,0.2708333333333333
2005-11-26,3.8773225,48,1,74.70954166666668,0.020833333333333332
2005-11-27,3.642280083333333,48,0,54.96264583333333,0
2005-11-28,4.79440375,48,1,10.745500000000002,0.020833333333333332
2005-11-29,3.8578479375000003,48,0,30.854916666666668,0
2005-11-30,4.3501525,48,0,14.708166666666664,0
2005-12-01,2.5612304166666666,48,4,23.87627083333333,0.08333333333333333
2005-12-02,3.2923293333333334,48,2,52.41645833333332,0.041666666666666664
2005-12-03,2.5075703958333335,48,6,17.8615625,0.125
2005-12-04,0.14237960416666698,48,14,9.393833333333335,0.2916666666666667
2005-12-05,-0.11567522916666666,48,13,35.877083333333324,0.2708333333333333
2005-12-06,1.5190765208333332,48,5,54.34633333333334,0.10416666666666667
2005-12-07,2.1281639583333334,48,1,6.046041666666666,0.020833333333333332
2005-12-08,1.6006316458333334,48,3,5.576145833333333,0.0625
2005-12-09,2.979240770833333,48,26,41.630875,0.5416666666666666
2005-12-10,1.7223247083333333,48,26,15.268958333333336,0.5416666666666666
2005-12-11,2.2915783125,48,40,34.78574999999999,0.8333333333333334
2005-12-12,0.892973375,48,13,65.00383333333333,0.2708333333333333
2005-12-13,1.009441458333333,48,22,20.2495,0.4583333333333333
2005-12-14,1.2479722708333334,48,9,15.301124999999999,0.1875
2005-12-15,1.1097656041666668,48,8,71.48691666666664,0.16666666666666666
2005-12-16,0.31965122916666655,48,10,1.5344375000000001,0.20833333333333334
2005-12-17,2.0034375833333335,48,1,6.794437500000001,0.020833333333333332
2005-12-18,1.7833556458333333,48,8,26.647958333333328,0.16666666666666666
2005-12-19,0.2715993333333333,48,9,25.756249999999994,0.1875
2005-12-20,1.1577739166666667,48,1,19.6025,0.020833333333333332
2005-12-21,1.9998860208333333,48,9,10.564979166666669,0.1875
2005-12-22,1.5838825208333334,48,5,28.923854166666665,0.10416666666666667
2005-12-23,-3.3444262916666667,48,2,27.40258333333334,0.041666666666666664
2005-12-24,-0.8656494791666669,48,0,21.46183333333333,0
2005-12-25,1.3669837916666665,48,0,10.923125,0
2005-12-26,5.727703125,48,1,12.435041666666665,0.020833333333333332
2005-12-27,4.104777875,48,1,22.82239583333334,0.020833333333333332
2005-12-28,-2.2427282500000003,48,12,26.037249999999997,0.25
2005-12-29,-1.6629071874999999,48,0,15.686166666666665,0
2005-12-30,0.2936823541666667,48,0,73.4981875,0
2005-12-31,0.29966872916666654,48,0,27.581583333333327,0
2006-01-01,2.1386189375,48,0,42.76552083333334,0
2006-01-02,1.961427229166667,48,0,26.699791666666663,0
2006-01-03,1.6419347083333333,48,7,45.35058333333333,0.14583333333333334
2006-01-04,1.8282160208333333,48,32,21.981541666666672,0.6666666666666666
2006-01-05,1.52451125,48,27,69.20095833333332,0.5625
2006-01-06,-0.813380020833333,48,11,19.98195833333333,0.22916666666666666
2006-01-07,2.415594479166667,48,0,24.510916666666667,0
2006-01-08,5.1252373125,48,0,33.046875,0
2006-01-09,6.258507083333333,48,0,29.174229166666663,0
2006-01-10,8.106196041666667,48,0,43.4915625,0
2006-01-11,9.027884791666667,48,0,72.20193750000001,0
2006-01-12,9.349160333333334,48,8,58.58185416666668,0.16666666666666666
2006-01-13,9.169452125,48,0,71.03652083333334,0
2006-01-14,8.607079604166666,48,0,43.59389583333332,0
2006-01-15,8.539988541666666,48,0,62.622687500000005,0
2006-01-16,7.074160395833333,48,2,86.0284375,0.041666666666666664
2006-01-17,9.038320416666666,48,2,7.1933124999999984,0.041666666666666664
2006-01-18,11.531287916666667,48,1,3.160291666666667,0.020833333333333332
2006-01-19,8.634232916666667,48,0,28.376625000000004,0
2006-01-20,5.999156875000001,48,5,20.238166666666665,0.10416666666666667
2006-01-21,5.380570625,48,15,78.06233333333334,0.3125
2006-01-22,2.8646383541666665,48,15,45.68239583333333,0.3125
2006-01-23,-0.14166449999999997,48,15,73.16629166666667,0.3125
2006-01-24,1.5592944375000002,48,9,27.76625,0.1875
2006-01-25,-0.020185854166666482,48,7,47.24085416666667,0.14583333333333334
2006-01-26,0.809519083333333,48,7,42.28510416666667,0.14583333333333334
2006-01-27,0.6978325208333334,48,20,48.49479166666667,0.4166666666666667
2006-01-28,-3.3278434791666665,48,5,67.809125,0.10416666666666667
2006-01-29,2.3456361875,48,23,71.72481250000001,0.4791666666666667
2006-01-30,3.913909416666666,48,24,99.044625,0.5
2006-01-31,1.273214375,48,10,98.94600000000001,0.20833333333333334
2006-02-01,1.2973445625,48,2,102.35852083333332,0.041666666666666664
2006-02-02,2.7863750625000003,48,10,114.88368750000002,0.20833333333333334
2006-02-03,4.543009208333333,48,1,63.46345833333332,0.020833333333333332
2006-02-04,9.885698958333332,48,9,27.210229166666668,0.1875
2006-02-05,5.809971375,48,7,54.9371875,0.14583333333333334
2006-02-06,1.4100127708333334,48,4,68.41891666666668,0.08333333333333333
2006-02-07,-0.25443870833333326,48,7,17.53360416666667,0.14583333333333334
2006-02-08,-1.6762603125,48,7,11.342104166666665,0.14583333333333334
2006-02-09,-1.2525549375,48,0,23.30510416666667,0
2006-02-10,1.8834443333333333,48,8,47.973062500000005,0.16666666666666666
2006-02-11,2.2589219375000003,48,20,128.8709375,0.4166666666666667
2006-02-12,2.3038666458333332,48,3,31.188749999999995,0.0625
2006-02-13,1.7840765833333334,48,0,98.27389583333331,0
2006-02-14,-0.9026316249999999,48,1,70.02522916666666,0.020833333333333332
2006-02-15,-0.4540887500000001,48,5,11.200499999999996,0.10416666666666667
2006-02-16,-0.37187960416666666,48,3,33.27891666666667,0.0625
2006-02-17,1.0855852708333336,48,14,21.414875000000002,0.2916666666666667
2006-02-18,-0.4594155208333333,48,25,61.19950000000001,0.5208333333333334
2006-02-19,-0.8340761250000001,48,22,67.42745833333333,0.4583333333333333
2006-02-20,0.6489972291666667,48,12,84.93627083333334,0.25
2006-02-21,0.8318175416666665,48,0,128.9976041666667,0
2006-02-22,1.199415625,48,0,11.262729166666666,0
2006-02-23,3.0729837916666667,48,12,23.505666666666666,0.25
2006-02-24,1.8811083541666667,48,22,21.323729166666666,0.4583333333333333
2006-02-25,1.9772160833333334,48,6,24.081166666666668,0.125
2006-02-26,1.9161187291666666,48,2,34.28931250000001,0.041666666666666664
2006-02-27,4.2382255833333335,48,27,171.5680833333333,0.5625
2006-02-28,0.14902091666666695,48,7,55.99972916666667,0.14583333333333334
2006-03-01,1.1836822083333334,48,11,105.37299999999998,0.22916666666666666
2006-03-02,0.7285432916666666,48,8,47.935583333333334,0.16666666666666666
2006-03-03,1.08786175,48,5,65.5854375,0.10416666666666667
2006-03-04,1.150388416666667,48,0,24.366541666666667,0
2006-03-05,0.5675421458333333,48,8,58.15602083333334,0.16666666666666666
2006-03-06,1.21128675,48,4,49.983583333333335,0.08333333333333333
2006-03-07,1.4211242291666666,48,8,136.393375,0.16666666666666666
2006-03-08,1.2708717708333328,48,1,22.162416666666662,0.020833333333333332
2006-03-09,-3.2811119583333337,48,7,71.8238125,0.14583333333333334
2006-03-10,2.7418740208333334,48,6,91.33631249999999,0.125
2006-03-11,-0.3739039375,48,3,48.341249999999995,0.0625
2006-03-12,2.3884733333333332,48,3,114.93375000000002,0.0625
2006-03-13,2.3140532499999997,48,14,126.18287500000001,0.2916666666666667
2006-03-14,2.9371297291666667,48,24,194.44777083333332,0.5
2006-03-15,3.529950895833333,48,38,191.0384791666667,0.7916666666666666
2006-03-16,1.6139697708333336,48,17,68.75697916666667,0.3541666666666667
2006-03-17,2.2887292500000003,48,30,152.80175,0.625
2006-03-18,3.024036833333333,48,40,134.77031250000002,0.8333333333333334
2006-03-19,3.8955872916666667,48,17,210.19279166666666,0.3541666666666667
2006-03-20,2.2423479166666658,48,10,203.2636875,0.20833333333333334
2006-03-21,0.8777229375000001,48,1,94.34041666666667,0.020833333333333332
2006-03-22,3.8749008958333335,48,6,150.26539583333334,0.125
2006-03-23,3.0128103541666666,48,7,86.26766666666668,0.14583333333333334
2006-03-24,0.0844172083333336,48,9,59.44737500000001,0.1875
2006-03-25,-0.5366335833333331,48,17,123.24416666666667,0.3541666666666667
2006-03-26,-0.5575351875000001,48,16,154.00604166666665,0.3333333333333333
2006-03-27,-0.8643637083333333,48,17,132.55599999999998,0.3541666666666667
2006-03-28,2.6490000416666666,48,6,16.844520833333334,0.125
2006-03-29,3.2184713958333333,48,10,107.479,0.20833333333333334
2006-03-30,1.5248942708333333,48,11,19.961291666666668,0.22916666666666666
2006-03-31,2.436173145833333,48,19,184.922875,0.3958333333333333
2006-04-01,3.016926520833333,48,11,191.48004166666664,0.22916666666666666
2006-04-02,2.5302574166666667,48,18,152.633625,0.375
2006-04-03,3.8499415833333335,48,18,171.908375,0.375
2006-04-04,4.454088770833334,48,12,223.45689583333333,0.25
2006-04-05,1.8253637708333332,48,1,16.55016666666667,0.020833333333333332
2006-04-06,5.767670541666666,48,22,212.2241875,0.4583333333333333
2006-04-07,4.802788708333333,48,9,262.7902291666667,0.1875
2006-04-08,3.6819418125,48,15,264.9986875,0.3125
2006-04-09,1.930233375,48,0,25.020479166666664,0
2006-04-10,1.5365041250000002,48,0,37.26270833333333,0
2006-04-11,3.5736510624999998,48,2,121.38870833333333,0.041666666666666664
2006-04-12,2.391286729166667,48,4,34.658125,0.08333333333333333
2006-04-13,3.3183282708333333,48,15,78.1621875,0.3125
2006-04-14,2.836366541666667,48,25,192.52387500000003,0.5208333333333334
2006-04-15,2.2766129583333337,48,13,92.71641666666666,0.2708333333333333
2006-04-16,3.3484718750000004,48,11,144.13906250000002,0.22916666666666666
2006-04-17,3.7653630416666664,48,11,192.02420833333335,0.22916666666666666
2006-04-18,3.4547161250000005,48,9,153.382375,0.1875
2006-04-19,4.071470708333333,48,26,262.46552083333336,0.5416666666666666
2006-04-20,3.4791157916666666,48,15,276.0074375,0.3125
2006-04-21,2.635247625,48,7,286.1395625,0.14583333333333334
2006-04-22,2.9381150624999997,48,13,234.9065,0.2708333333333333
2006-04-23,3.0395785625,48,15,179.57564583333337,0.3125
2006-04-24,3.7751143958333335,48,15,288.3625833333333,0.3125
2006-04-25,4.116479,48,13,179.14843750000003,0.2708333333333333
2006-04-26,3.563795520833333,48,2,69.19595833333332,0.041666666666666664
2006-04-27,5.346427291666667,48,0,68.03889583333333,0
2006-04-28,4.780208541666667,48,0,41.38854166666667,0
2006-04-29,4.670810208333333,48,13,110.71775,0.2708333333333333
2006-04-30,5.570718291666666,48,15,234.8541875,0.3125
2006-05-01,5.975737083333334,48,4,220.73660416666664,0.08333333333333333
2006-05-02,5.523151208333333,48,10,287.9201875,0.20833333333333334
2006-05-03,5.896618625,48,14,293.3118958333333,0.2916666666666667
2006-05-04,6.7632746875,48,11,311.3258125,0.22916666666666666
2006-05-05,4.8893136875000005,48,3,110.80435416666667,0.0625
2006-05-06,8.478218979166666,48,2,173.60279166666666,0.041666666666666664
2006-05-07,6.906289479166667,48,12,222.20029166666666,0.25
2006-05-08,5.852277375,48,9,106.45256250000001,0.1875
2006-05-09,2.9219962291666666,48,1,40.22470833333333,0.020833333333333332
2006-05-10,8.705736458333334,48,17,195.39972916666667,0.3541666666666667
2006-05-11,10.543240416666666,48,19,302.43206250000003,0.3958333333333333
2006-05-12,7.849595625,48,19,279.07197916666667,0.3958333333333333
2006-05-13,10.767086854166667,48,10,216.58320833333332,0.20833333333333334
2006-05-14,10.376625500000001,48,18,226.86077083333333,0.375
2006-05-15,9.290849833333333,48,17,250.4433125,0.3541666666666667
2006-05-16,4.510336479166667,48,10,126.66652083333332,0.20833333333333334
2006-05-17,10.7668110625,48,17,231.98522916666667,0.3541666666666667
2006-05-18,1.258623,48,0,39.03895833333333,0
2006-05-19,9.13693575,48,26,269.65422916666665,0.5416666666666666
2006-05-20,3.0053108541666664,48,22,98.3203125,0.4583333333333333
2006-05-21,7.0576869375,48,19,194.86152083333332,0.3958333333333333
2006-05-22,7.080764729166667,48,11,192.55058333333335,0.22916666666666666
2006-05-23,9.50914875,48,19,206.534625,0.3958333333333333
2006-05-24,10.571467125000002,48,23,304.284875,0.4791666666666667
2006-05-25,8.9543816875,48,29,161.2580625,0.6041666666666666
2006-05-26,9.146316729166667,48,43,217.334,0.8958333333333334
2006-05-27,5.101635458333333,48,16,137.38858333333334,0.3333333333333333
2006-05-28,1.3213964583333335,48,17,52.81504166666667,0.3541666666666667
2006-05-29,3.9235201666666666,48,3,54.111312500000004,0.0625
2006-05-30,10.0169776875,48,3,189.67914583333334,0.0625
2006-05-31,6.475109958333333,48,2,135.60249999999996,0.041666666666666664
2006-06-01,9.095476645833333,48,11,97.7899375,0.22916666666666666
2006-06-02,6.649540895833333,48,1,148.4115833333333,0.020833333333333332
2006-06-03,9.637021166666665,48,13,280.7610625,0.2708333333333333
2006-06-04,4.371766916666667,48,5,153.3953125,0.10416666666666667
2006-06-05,5.836970791666666,48,5,191.13797916666667,0.10416666666666667
2006-06-06,9.63993625,48,13,231.36847916666667,0.2708333333333333
2006-06-07,8.703886020833332,48,37,358.60243749999995,0.7708333333333334
2006-06-08,10.250191166666665,48,38,358.133625,0.7916666666666666
2006-06-09,8.358924541666667,48,43,355.9024166666666,0.8958333333333334
2006-06-10,10.772502541666666,48,22,330.99952083333335,0.4583333333333333
2006-06-11,9.188612520833333,48,33,363.1370625,0.6875
2006-06-12,11.406399416666666,48,20,348.6407291666667,0.4166666666666667
2006-06-13,10.837508937499999,48,4,329.3997708333333,0.08333333333333333
2006-06-14,10.630003479166668,48,0,338.2069583333334,0
2006-06-15,11.202991416666666,48,15,316.7171041666667,0.3125
2006-06-16,10.182595541666666,48,8,220.58460416666668,0.16666666666666666
2006-06-17,9.5854975,48,18,269.6301666666667,0.375
2006-06-18,8.717250541666667,48,6,319.3760625,0.125
2006-06-19,6.1656904374999995,48,4,226.00885416666665,0.08333333333333333
2006-06-20,10.556376333333333,48,13,277.15812500000004,0.2708333333333333
2006-06-21,8.076968041666666,48,23,291.6815833333333,0.4791666666666667
2006-06-22,0.1847066041666662,48,6,82.60885416666666,0.125
2006-06-23,6.625009708333333,48,4,225.67593749999997,0.08333333333333333
2006-06-24,7.928170833333333,48,7,329.61449999999996,0.14583333333333334
2006-06-25,6.425217416666667,48,4,291.0450416666667,0.08333333333333333
2006-06-26,8.953136291666667,48,9,277.56554166666666,0.1875
2006-06-27,6.297439062499999,48,13,246.32887499999998,0.2708333333333333
2006-06-28,8.035590187499999,48,7,258.80202083333336,0.14583333333333334
2006-06-29,5.386318374999999,48,3,141.14629166666666,0.0625
2006-06-30,10.724956354166668,48,19,352.21020833333336,0.3958333333333333
2006-07-01,10.068140729166666,48,37,356.87406250000004,0.7708333333333334
2006-07-02,9.845552229166668,48,45,352.88320833333336,0.9375
2006-07-03,11.076210583333333,48,12,341.0485208333333,0.25
2006-07-04,9.544129041666666,48,6,321.68404166666664,0.125
2006-07-05,7.469858354166667,48,11,266.4336875,0.22916666666666666
2006-07-06,6.6810128749999995,48,15,176.19014583333333,0.3125
2006-07-07,0.7673179791666668,48,1,91.27575,0.020833333333333332
2006-07-08,9.777804395833334,48,4,216.42925000000002,0.08333333333333333
2006-07-09,11.586994624999999,48,13,284.5770416666667,0.2708333333333333
2006-07-10,10.127393208333332,48,11,331.60597916666666,0.22916666666666666
2006-07-11,8.581107354166667,48,14,332.3735208333333,0.2916666666666667
2006-07-12,9.079248416666665,48,7,305.49041666666665,0.14583333333333334
2006-07-13,8.645569083333335,48,6,309.0690625,0.125
2006-07-14,7.669945020833333,48,14,250.266125,0.2916666666666667
2006-07-15,9.790305375,48,27,310.3046875,0.5625
2006-07-16,8.377132104166668,48,44,343.21729166666665,0.9166666666666666
2006-07-17,9.026453229166666,48,37,345.11522916666667,0.7708333333333334
2006-07-18,9.592904875,48,24,338.41795833333333,0.5
2006-07-19,8.845568020833333,48,11,331.66833333333335,0.22916666666666666
2006-07-20,8.784233833333333,48,15,314.99404166666665,0.3125
2006-07-21,8.129929583333332,48,11,295.0324375,0.22916666666666666
2006-07-22,8.213756666666667,48,4,254.94920833333333,0.08333333333333333
2006-07-23,8.22612775,48,18,287.9125,0.375
2006-07-24,8.160558416666667,48,26,315.1749791666667,0.5416666666666666
2006-07-25,8.690860437500001,48,15,323.09097916666667,0.3125
2006-07-26,8.963675354166666,48,18,213.8328541666667,0.375
2006-07-27,7.0056265625,48,13,287.053625,0.2708333333333333
2006-07-28,8.5113913125,48,7,207.987375,0.14583333333333334
2006-07-29,9.964979562499998,48,8,203.18529166666667,0.16666666666666666
2006-07-30,9.849619020833334,48,8,294.13395833333334,0.16666666666666666
2006-07-31,7.567247958333334,48,5,173.85677083333331,0.10416666666666667
2006-08-01,8.133275770833333,48,13,103.73008333333334,0.2708333333333333
2006-08-02,8.879683791666666,48,29,199.7939375,0.6041666666666666
2006-08-03,7.571562895833334,48,1,67.52745833333333,0.020833333333333332
2006-08-04,8.738523416666666,48,6,110.56495833333334,0.125
2006-08-05,6.317693895833333,48,0,60.575895833333334,0
2006-08-06,5.834396791666667,48,1,76.008375,0.020833333333333332
2006-08-07,5.508659083333334,48,11,186.178125,0.22916666666666666
2006-08-08,4.1438659583333335,48,7,199.19810416666667,0.14583333333333334
2006-08-09,5.4530080000000005,48,12,205.50768749999997,0.25
2006-08-10,5.697675645833333,48,10,150.8893541666667,0.20833333333333334
2006-08-11,2.5241205,48,0,48.671375,0
2006-08-12,5.065104645833333,48,2,145.38545833333333,0.041666666666666664
2006-08-13,1.7405798124999998,48,9,29.499833333333335,0.1875
2006-08-14,4.637236416666667,48,10,62.8644375,0.20833333333333334
2006-08-15,9.46232875,48,22,292.0735,0.4583333333333333
2006-08-16,7.404864395833333,48,0,196.85722916666668,0
2006-08-17,8.625664645833332,48,22,205.83027083333332,0.4583333333333333
2006-08-18,8.851523187499998,48,11,250.73660416666667,0.22916666666666666
2006-08-19,7.9161187291666675,48,1,168.64158333333333,0.020833333333333332
2006-08-20,8.301314333333334,48,10,152.90143750000001,0.20833333333333334
2006-08-21,8.658342583333333,48,15,186.83162499999997,0.3125
2006-08-22,7.917094083333334,48,11,149.26997916666667,0.22916666666666666
2006-08-23,10.751148708333334,48,6,237.54497916666668,0.125
2006-08-24,5.8339794375,48,3,95.96195833333333,0.0625
2006-08-25,9.249466395833334,48,21,215.58616666666668,0.4375
2006-08-26,7.747004375,48,8,189.2872708333333,0.16666666666666666
2006-08-27,3.6011736666666665,48,6,62.251124999999995,0.125
2006-08-28,2.737535729166667,48,0,47.20783333333334,0
2006-08-29,4.378571083333333,48,8,74.30862499999999,0.16666666666666666
2006-08-30,4.9941804375,48,5,98.16014583333333,0.10416666666666667
2006-08-31,10.181048916666667,48,1,276.2102083333333,0.020833333333333332
2006-09-01,9.588082583333334,48,7,264.77731250000005,0.14583333333333334
2006-09-02,7.357678312500001,48,15,183.13962499999997,0.3125
2006-09-03,6.6067705,48,22,128.29489583333333,0.4583333333333333
2006-09-04,7.558030916666667,48,28,200.48702083333333,0.5833333333333334
2006-09-05,8.829701833333335,48,8,247.58147916666664,0.16666666666666666
2006-09-06,7.777050541666666,48,9,145.62445833333334,0.1875
2006-09-07,7.681173,48,13,217.08289583333334,0.2708333333333333
2006-09-08,9.046519958333333,48,29,216.64056250000002,0.6041666666666666
2006-09-09,9.0913576875,48,34,231.18227083333332,0.7083333333333334
2006-09-10,7.926745375,48,1,191.88816666666665,0.020833333333333332
2006-09-11,6.252331541666666,48,0,171.43583333333333,0
2006-09-12,9.137912,48,9,237.51302083333334,0.1875
2006-09-13,7.774288833333333,48,18,224.311625,0.375
2006-09-14,6.444595958333334,48,15,129.84414583333333,0.3125
2006-09-15,4.879885104166666,48,5,97.57839583333333,0.10416666666666667
2006-09-16,5.197570416666666,48,16,146.99154166666665,0.3333333333333333
2006-09-17,-1.1557020208333333,48,6,10.563749999999999,0.125
2006-09-18,-0.4252359166666667,48,0,16.018416666666667,0
2006-09-19,6.399254375,48,3,111.875375,0.0625
2006-09-20,7.974163520833333,48,8,210.68687500000001,0.16666666666666666
2006-09-21,8.761718541666667,48,9,214.03227083333337,0.1875
2006-09-22,8.461180333333333,48,1,208.53808333333333,0.020833333333333332
2006-09-23,6.1406795,48,2,122.97716666666668,0.041666666666666664
2006-09-24,6.8229665625000004,48,17,160.589875,0.3541666666666667
2006-09-25,3.353819229166666,48,3,34.52816666666667,0.0625
2006-09-26,3.1802447708333332,48,0,53.655187500000004,0
2006-09-27,6.548267020833333,48,17,114.90081249999999,0.3541666666666667
2006-09-28,4.540425770833333,48,5,63.98758333333333,0.10416666666666667
2006-09-29,7.049844895833334,48,4,180.9485625,0.08333333333333333
2006-09-30,5.851984,48,4,151.20714583333333,0.08333333333333333
2006-10-01,2.1851868958333336,48,0,31.12452083333333,0
2006-10-02,5.138274104166667,48,23,91.53595833333333,0.4791666666666667
2006-10-03,1.7368055833333331,48,6,27.005000000000003,0.125
2006-10-04,4.028346645833333,48,8,71.10095833333335,0.16666666666666666
2006-10-05,4.80988,48,9,116.96189583333334,0.1875
2006-10-06,6.3661367916666665,48,17,139.68531249999998,0.3541666666666667
2006-10-07,4.9631036875,48,8,102.61952083333334,0.16666666666666666
2006-10-08,7.0653244375,48,16,175.7147291666667,0.3333333333333333
2006-10-09,6.6675836875,48,8,162.23972916666668,0.16666666666666666
2006-10-10,7.1908220625000006,48,0,154.9425,0
2006-10-11,6.965229458333333,48,2,120.7626875,0.041666666666666664
2006-10-12,7.289762541666667,48,1,145.09331250000002,0.020833333333333332
2006-10-13,7.096602520833333,48,21,151.1933958333333,0.4375
2006-10-14,3.3546476458333334,48,29,37.91258333333334,0.6041666666666666
2006-10-15,6.488628291666666,48,20,122.70374999999999,0.4166666666666667
2006-10-16,4.007208208333334,48,13,23.491416666666662,0.2708333333333333
2006-10-17,4.930531479166667,48,2,130.1098333333333,0.041666666666666664
2006-10-18,4.9627654375,48,0,120.44050000000003,0
2006-10-19,3.7108230625000003,48,3,105.23697916666666,0.0625
2006-10-20,4.0361633125,48,9,113.81254166666666,0.1875
2006-10-21,4.513739875000001,48,7,76.18441666666665,0.14583333333333334
2006-10-22,3.769901270833333,48,0,129.85083333333333,0
2006-10-23,2.3953711666666666,48,2,21.510958333333328,0.041666666666666664
2006-10-24,4.106753604166666,48,24,111.03683333333333,0.5
2006-10-25,3.954932229166667,48,1,88.07056249999998,0.020833333333333332
2006-10-26,2.597842041666667,48,3,130.79485416666665,0.0625
2006-10-27,1.7302070625,48,5,82.26181249999999,0.10416666666666667
2006-10-28,2.744427958333333,48,5,77.38560416666667,0.10416666666666667
2006-10-29,1.8571483333333334,48,1,6.590083333333333,0.020833333333333332
2006-10-30,4.483177875,48,20,119.88239583333335,0.4166666666666667
2006-10-31,3.2818313124999996,48,26,68.79287500000001,0.5416666666666666
2006-11-01,2.9253933958333334,48,22,69.3276875,0.4583333333333333
2006-11-02,2.98232425,48,12,125.33114583333335,0.25
2006-11-03,0.7548820208333331,48,8,74.10604166666667,0.16666666666666666
2006-11-04,2.4552535625,48,2,107.94645833333333,0.041666666666666664
2006-11-05,1.8876173333333333,48,1,92.71564583333333,0.020833333333333332
2006-11-06,3.186876375,48,0,110.09087499999998,0
2006-11-07,1.5849268333333335,48,2,109.31120833333335,0.041666666666666664
2006-11-08,1.0274485416666665,48,27,82.62545833333333,0.5625
2006-11-09,-0.17063414583333328,48,15,12.330625000000001,0.3125
2006-11-10,2.2971445000000004,48,28,95.08370833333333,0.5833333333333334
2006-11-11,-0.3558240625,48,7,27.40070833333333,0.14583333333333334
2006-11-12,0.8455651249999999,48,6,36.21895833333334,0.125
2006-11-13,0.6152108749999998,48,24,41.037749999999996,0.5
2006-11-14,0.8173927083333333,48,1,26.587791666666668,0.020833333333333332
2006-11-15,1.015473375,48,3,98.31639583333333,0.0625
2006-11-16,2.0400182916666667,48,0,92.98497916666666,0
2006-11-17,1.1096915833333334,48,3,49.60291666666666,0.0625
2006-11-18,0.4636348750000002,48,8,70.68085416666666,0.16666666666666666
2006-11-19,0.9805676875,48,3,44.71637500000001,0.0625
2006-11-20,3.1365545624999998,48,14,73.88539583333333,0.2916666666666667
2006-11-21,1.1372684375,48,4,7.968229166666667,0.08333333333333333
2006-11-22,2.874995708333333,48,10,65.443625,0.20833333333333334
2006-11-23,1.6194389375,48,28,32.92918749999999,0.5833333333333334
2006-11-24,-0.40142124999999995,48,4,54.33231250000001,0.08333333333333333
2006-11-25,2.1051043541666665,48,2,53.22647916666667,0.041666666666666664
2006-11-26,-1.40629025,48,0,60.55912500000001,0
2006-11-27,-3.5696750208333334,48,3,76.18608333333336,0.0625
2006-11-28,1.4158801666666665,48,1,73.77939583333334,0.020833333333333332
2006-11-29,4.294080979166667,48,0,4.886479166666666,0
2006-11-30,8.954764583333333,48,14,8.2765,0.2916666666666667
2006-12-01,4.5000775,48,1,13.922645833333332,0.020833333333333332
2006-12-02,1.5928599791666662,48,0,28.600499999999997,0
2006-12-03,1.1805345625,48,3,53.64627083333332,0.0625
2006-12-04,2.256101,48,3,22.607812499999998,0.0625
2006-12-05,-1.0024814166666667,48,14,34.26291666666666,0.2916666666666667
2006-12-06,1.8293128124999998,48,3,3.6413125000000006,0.0625
2006-12-07,3.4779493125000003,48,11,45.433375000000005,0.22916666666666666
2006-12-08,-1.1812792916666668,48,7,46.669749999999986,0.14583333333333334
2006-12-09,-0.9245620416666667,48,0,3.3547499999999997,0
2006-12-10,0.7395294375000002,48,1,37.183770833333334,0.020833333333333332
2006-12-11,1.8107469583333333,48,15,39.24622916666666,0.3125
2006-12-12,1.3354865416666668,48,10,22.42214583333333,0.20833333333333334
2006-12-13,0.5378517083333335,48,5,70.72395833333333,0.10416666666666667
2006-12-14,0.49961347916666676,48,0,74.357625,0
2006-12-15,-0.2981654375,48,4,71.58464583333335,0.08333333333333333
2006-12-16,-0.30038777083333323,48,0,54.66533333333332,0
2006-12-17,-1.1323579583333334,48,0,5.356854166666667,0
2006-12-18,3.0532827291666664,48,25,41.255604166666664,0.5208333333333334
2006-12-19,3.3165177083333335,48,33,30.216,0.6875
2006-12-20,3.6609335416666666,48,17,69.73683333333334,0.3541666666666667
2006-12-21,3.127560416666667,48,14,51.539270833333326,0.2916666666666667
2006-12-22,3.036288125,48,26,18.069437500000003,0.5416666666666666
2006-12-23,3.1459638125,48,33,40.94316666666666,0.6875
2006-12-24,3.84953625,48,1,13.222083333333332,0.020833333333333332
2006-12-25,3.484950625,48,1,9.574458333333334,0.020833333333333332
2006-12-26,3.5575445833333332,48,2,8.575624999999999,0.041666666666666664
2006-12-27,3.550106458333333,48,0,58.86056249999999,0
2006-12-28,2.1438040000000003,48,4,67.11722916666666,0.08333333333333333
2006-12-29,-0.20325333333333329,48,3,68.6239375,0.0625
2006-12-30,-0.3187014583333337,48,18,52.911708333333344,0.375
2006-12-31,0.7205781875000001,48,25,65.40377083333335,0.5208333333333334
